Saved Date,Job Url,Job Title,Company Name
"8/27/19, 10:08 AM",http://www.linkedin.com/jobs/view/1418672191,Machine Learning,Accenture in India
"5/28/21, 8:02 PM",http://www.linkedin.com/jobs/view/2559089495,Data Scientist / Analyst,KORE1
"7/20/20, 12:00 PM",http://www.linkedin.com/jobs/view/1928175201,Data Analytics Internship,NimbusPost
"7/19/20, 11:42 AM",http://www.linkedin.com/jobs/view/1910030204,Data Scientist Intern,Amazon
"11/11/20, 9:30 AM",http://www.linkedin.com/jobs/view/2269417263,Data Scientist,Jupiter 
"8/25/19, 12:38 PM",http://www.linkedin.com/jobs/view/1394812190,Machine Learning Engineer,MavenHill Group
"7/20/20, 11:59 AM",http://www.linkedin.com/jobs/view/1955123778,Business Analyst,Syngenta
"8/25/19, 12:38 PM",http://www.linkedin.com/jobs/view/1441619806,Machine Learning Sourcer,Twitter
"10/17/20, 10:59 AM",http://www.linkedin.com/jobs/view/2186375502,Content Writer,Rightech.Digital
"5/22/20, 1:56 PM",http://www.linkedin.com/jobs/view/1870034476,Data Engineering Intern,DvSum
"5/17/20, 1:01 PM",http://www.linkedin.com/jobs/view/1840676129,Junior Data Scientist,Active Connector Inc.
"6/16/21, 3:34 AM",http://www.linkedin.com/jobs/view/2536164054,Data Scientist,Blue Sky Analytics
"2/4/21, 11:52 AM",http://www.linkedin.com/jobs/view/2378250852,Intern - Campus - GraceHopper'21,American Express
"11/11/20, 6:02 AM",http://www.linkedin.com/jobs/view/2231869714,Machine Learning Engineer,Avantari Technologies
"10/22/20, 9:23 PM",http://www.linkedin.com/jobs/view/2180292141,Web/Data Analytics Intern,Unyscape
"8/25/19, 12:38 PM",http://www.linkedin.com/jobs/view/1447968944,Machine Learning,Accenture in India
"6/29/21, 10:59 AM",http://www.linkedin.com/jobs/view/2595636299,Junior Data Scientist-Financial Services Platform,Gojek
"11/11/20, 9:29 AM",http://www.linkedin.com/jobs/view/2253673572,Deep Learning Engineer,Radius AI
"8/25/19, 12:38 PM",http://www.linkedin.com/jobs/view/1414293359,Intern,Calypso Technology
