Name,Url,Authority,Started On,Finished On,License Number
introduction to data science in python,https://www.coursera.org/account/accomplishments/verify/ANH8FACZZHE8,University of Michigan,Apr 2019,,ANH8FACZZHE8
"Divide and Conquer, Sorting and Searching, and Randomized Algorithms",https://www.coursera.org/account/accomplishments/certificate/JS7QAT5HYYKG,Stanford University,Jul 2019,,JS7QAT5HYYKG
 Machine Learning Master Course,https://online.codingblocks.com/app/certificates/CBOL-21111-b988,Coding Blocks,Feb 2020,,CBOL-21111-b988
Learn Go,https://www.codecademy.com/profiles/kalashj16,Codecademy,Apr 2020,,
Building Your First scikit-learn Solution,https://app.pluralsight.com/profile/kalash-jindal,Pluralsight,Apr 2020,,4127
Building Classification Models with scikit-learn,https://app.pluralsight.com/profile/kalash-jindal,Pluralsight,Apr 2020,,4127
Building Regression Models with scikit-learn,https://app.pluralsight.com/profile/kalash-jindal,Pluralsight,May 2020,,4127
 Building Clustering Models with scikit-learn,https://app.pluralsight.com/profile/kalash-jindal,Pluralsight,May 2020,,4127
Learn Git,,Codecademy,Jun 2020,,
Google cloud computing foundation course,,"Indian Institute of Technology, Madras",Jun 2020,,
Python (Basic) Certificate,https://www.hackerrank.com/certificates/c1e81f9db5f6,HackerRank,Jul 2020,,
Generate Synthetic Images with DCGANs in Keras via Coursera,http://coursera.org/verify/TDKYYJSEATEH,Rhyme,Jul 2020,,
Crash Course on Python via Google,http://coursera.org/verify/2Z8DF49PAMYX,Coursera,Jun 2020,,
