Organization,Followed On
NucleusTeq,Mon Jul 12 17:23:23 UTC 2021
IntraEdge,Mon Jul 12 17:23:22 UTC 2021
Impetus,Mon Jul 12 17:23:21 UTC 2021
Fyndr,Mon Jul 12 17:23:21 UTC 2021
Jupiter ,Wed Jul 07 17:19:45 UTC 2021
Hypermynds,Wed Jul 07 15:35:48 UTC 2021
"Medable, Inc",Wed Jul 07 15:35:38 UTC 2021
Quartic.ai,Wed Jul 07 15:35:10 UTC 2021
BlueOptima,Wed Jul 07 15:33:58 UTC 2021
YData,Wed Jul 07 15:32:34 UTC 2021
Metis Analytics,Wed Jul 07 15:32:28 UTC 2021
Upstart,Wed Jul 07 15:30:19 UTC 2021
BT,Wed Jul 07 15:29:27 UTC 2021
Grow Football,Wed Jul 07 15:28:51 UTC 2021
Iconity,Wed Jul 07 15:28:31 UTC 2021
WIOAI,Wed Jul 07 15:28:13 UTC 2021
EGuidanceLabs,Wed Jul 07 15:27:54 UTC 2021
CreditNirvana,Wed Jul 07 15:20:26 UTC 2021
Sociolla,Wed Jul 07 15:19:22 UTC 2021
Pixster Studio,Wed Jul 07 15:18:38 UTC 2021
Nestlogic,Wed Jul 07 15:18:14 UTC 2021
Xoriant,Wed Jul 07 15:17:05 UTC 2021
Solvio,Wed Jul 07 15:02:42 UTC 2021
Deepspatial (CSE: DSAI),Wed Jul 07 15:02:12 UTC 2021
Groundup.ai,Wed Jul 07 15:01:40 UTC 2021
Brane Enterprises Pvt Ltd,Wed Jul 07 15:01:21 UTC 2021
Simpl,Wed Jul 07 15:00:39 UTC 2021
Aagmann.ai,Wed Jul 07 15:00:16 UTC 2021
Conduent,Wed Jul 07 14:59:08 UTC 2021
Trust Payments,Wed Jul 07 03:47:58 UTC 2021
SmartHelio,Tue Jun 29 15:41:06 UTC 2021
PiñataFarms,Mon Jun 28 13:16:33 UTC 2021
Freelancer,Wed Jun 23 12:06:41 UTC 2021
CyberCoders,Tue Jun 22 16:51:15 UTC 2021
"Alexandria Real Estate Equities, Inc.",Tue Jun 22 16:26:49 UTC 2021
PulsePoint,Tue Jun 22 16:26:34 UTC 2021
Rev.com,Tue Jun 22 16:24:56 UTC 2021
REACT Neuro,Tue Jun 22 16:24:01 UTC 2021
Northwest Partners,Tue Jun 22 16:23:42 UTC 2021
Carina Initiatives,Tue Jun 22 16:23:12 UTC 2021
Melville Biosecurity,Tue Jun 22 16:22:57 UTC 2021
XSELL Technologies,Tue Jun 22 16:22:25 UTC 2021
Eon,Tue Jun 22 16:21:52 UTC 2021
"TalentBurst, an Inc 5000 company",Tue Jun 22 16:21:21 UTC 2021
Alaffia Health,Tue Jun 22 16:21:13 UTC 2021
Spiral Systems Tech,Tue Jun 22 16:20:36 UTC 2021
87,Tue Jun 22 16:19:19 UTC 2021
NEWJ,Fri Jun 18 14:16:44 UTC 2021
Annant Gyan Knowledge and Skills Private Limited,Thu Jun 17 06:50:21 UTC 2021
iPing Data Labs LLP,Wed Jun 16 12:06:24 UTC 2021
Zeno Health (Formerly Generico),Wed Jun 16 12:06:18 UTC 2021
EduGorilla,Wed Jun 16 12:05:23 UTC 2021
"Mettler-Toledo International, Inc",Wed Jun 16 12:04:29 UTC 2021
ARDEM Data Services ,Wed Jun 16 12:04:16 UTC 2021
Petra Stella ,Wed Jun 16 12:04:10 UTC 2021
PlayerzPot Media Pvt Ltd,Wed Jun 16 12:03:45 UTC 2021
Quantiphi,Wed Jun 16 12:03:33 UTC 2021
BARC India,Wed Jun 16 12:01:18 UTC 2021
Lupin,Wed Jun 16 12:00:37 UTC 2021
Connor,Wed Jun 16 12:00:30 UTC 2021
Intellect Design Arena Ltd,Wed Jun 16 11:59:41 UTC 2021
Crux Intelligence,Wed Jun 16 11:58:29 UTC 2021
DeepSight AI Labs Pvt Ltd,Wed Jun 16 11:58:23 UTC 2021
FedEx,Wed Jun 16 11:58:15 UTC 2021
Nexus HR Consultants Pvt Ltd,Wed Jun 16 11:58:10 UTC 2021
MNC Financial Services (PT MNC Kapital Indonesia Tbk),Wed Jun 16 11:57:52 UTC 2021
"Finicity, a Mastercard Company",Wed Jun 16 11:55:11 UTC 2021
Pidilite Industries Limited,Wed Jun 16 10:35:30 UTC 2021
Meatigo.com,Wed Jun 16 10:34:25 UTC 2021
Recruitree.net,Mon Jun 14 10:30:33 UTC 2021
Innover Digital,Mon Jun 14 10:30:27 UTC 2021
LuxAI,Mon Jun 14 10:30:13 UTC 2021
Hire Digital,Mon Jun 14 10:30:05 UTC 2021
Tokopedia,Mon Jun 14 10:29:24 UTC 2021
CKS Engineering Works,Wed Jun 09 13:39:39 UTC 2021
Home Credit India,Fri Jun 04 18:29:07 UTC 2021
Nation with NaMo,Fri Jun 04 18:28:41 UTC 2021
CogniTensor,Fri Jun 04 18:28:31 UTC 2021
Inito,Fri Jun 04 18:28:17 UTC 2021
Verisk,Fri Jun 04 18:25:48 UTC 2021
Finolex Industries Ltd,Fri Jun 04 18:24:10 UTC 2021
Pushup Global Services,Thu Jun 03 16:38:43 UTC 2021
EdFoal,Tue Jun 01 18:25:25 UTC 2021
Rakuten Viki,Sat May 29 03:06:01 UTC 2021
Yellow Club ,Sat May 29 03:05:57 UTC 2021
National Engineering Olympiad,Sat May 29 03:01:55 UTC 2021
Adecco,Sat May 29 03:01:42 UTC 2021
Tide,Sat May 29 03:01:36 UTC 2021
RED - The Global SAP Solutions Provider,Sat May 29 03:01:13 UTC 2021
Anju Software,Sat May 29 03:00:12 UTC 2021
ProtonPay IT Services,Sat May 29 02:59:58 UTC 2021
AIRA MATRIX,Sat May 29 02:59:11 UTC 2021
Forty4Hz,Sat May 29 02:59:05 UTC 2021
"DigiCert, Inc.",Sat May 29 02:58:48 UTC 2021
Accelerated Growth,Sat May 29 02:58:41 UTC 2021
Knowbiliti,Sat May 29 02:58:11 UTC 2021
Tech Mahindra,Sat May 29 02:57:10 UTC 2021
Tally Solutions Pvt Ltd,Sat May 29 02:56:46 UTC 2021
Galytix,Sat May 29 02:56:04 UTC 2021
Salesken,Sat May 29 02:55:52 UTC 2021
IPDigital LLC,Sat May 29 02:55:46 UTC 2021
Origin Health,Sat May 29 02:55:34 UTC 2021
Latest Job Updates For Freshers and Experienced,Sat May 29 02:54:14 UTC 2021
Career For All,Sat May 29 02:54:14 UTC 2021
Games24x7,Fri May 28 17:15:41 UTC 2021
Valiance Solutions,Sat May 22 14:43:26 UTC 2021
JobDost,Sat May 22 14:42:43 UTC 2021
NaranaTech Pvt. Ltd.,Sat May 22 14:42:14 UTC 2021
SME IIT ISM STUDENT CHAPTER.,Thu May 20 14:04:03 UTC 2021
DragScrap,Sun May 16 10:31:51 UTC 2021
Culturelligence,Thu May 13 04:56:33 UTC 2021
Rakuten India,Thu May 13 04:56:08 UTC 2021
Mahindra Holidays & Resorts India Limited,Tue May 11 12:22:30 UTC 2021
Ignitarium ,Tue May 11 12:11:02 UTC 2021
Artifex HR Private Limited ,Tue May 11 12:10:55 UTC 2021
PixelVision,Tue May 11 12:10:43 UTC 2021
Confidential,Tue May 11 12:10:20 UTC 2021
SecNinjaz Technologies LLP,Tue May 11 12:10:13 UTC 2021
Pinnakl,Tue May 11 12:10:07 UTC 2021
Leena AI,Tue May 11 12:09:44 UTC 2021
BluSmart,Tue May 11 12:09:07 UTC 2021
HDFC Limited,Tue May 11 12:08:55 UTC 2021
solvendo.io,Mon May 10 01:23:27 UTC 2021
SimplyLoose,Fri May 07 17:50:51 UTC 2021
ValueLabs,Fri May 07 17:50:14 UTC 2021
UsefulBI Corporation,Fri May 07 17:50:01 UTC 2021
Sahaj Software,Fri May 07 17:49:54 UTC 2021
Ideas2IT Technologies,Fri May 07 17:49:43 UTC 2021
Aiwozo | Intelligent Automation,Fri May 07 17:49:38 UTC 2021
Yugen.ai,Fri May 07 17:49:19 UTC 2021
Healium Digital Healthcare,Fri May 07 17:48:43 UTC 2021
Dun & Bradstreet India,Fri May 07 16:04:35 UTC 2021
Infosys BPM,Fri May 07 16:04:12 UTC 2021
Maistering B.V.,Fri May 07 01:58:34 UTC 2021
Happiest Minds Technologies,Wed May 05 16:31:48 UTC 2021
Trelleborg Group,Tue May 04 14:10:01 UTC 2021
Animaker Inc.,Tue May 04 14:09:49 UTC 2021
Starkflow,Tue May 04 01:43:04 UTC 2021
Quidich Innovation Labs,Tue May 04 01:42:21 UTC 2021
AiBorne Tech,Tue May 04 01:41:25 UTC 2021
Acviss Technologies,Tue May 04 01:41:15 UTC 2021
Continual Engine,Tue May 04 01:40:55 UTC 2021
KLINGELNBERG GmbH,Mon May 03 08:01:28 UTC 2021
SAB Technologies Group,Mon May 03 03:23:41 UTC 2021
BigDataCentral,Mon May 03 01:50:24 UTC 2021
Bosch India,Sat May 01 15:13:27 UTC 2021
Ola Electric Mobility Pvt. Ltd.,Sat May 01 15:12:28 UTC 2021
Emeritus,Sat May 01 15:10:16 UTC 2021
Cuemath,Fri Apr 30 12:28:49 UTC 2021
GeeksGod,Fri Apr 30 12:28:37 UTC 2021
Maxgen technologies Pvt. Ltd.,Fri Apr 30 12:28:32 UTC 2021
Growth Hacking - CL,Fri Apr 30 12:28:14 UTC 2021
HYPERCUBE ANALYTICS PRIVATE LIMITED,Fri Apr 30 12:28:06 UTC 2021
Keydabra,Fri Apr 30 12:27:37 UTC 2021
mVizn Pte. Ltd.,Fri Apr 30 12:24:31 UTC 2021
AYM Commerce,Fri Apr 30 12:24:12 UTC 2021
Niyo Solutions Inc.,Fri Apr 30 12:23:47 UTC 2021
Predmatic AI,Fri Apr 30 12:23:06 UTC 2021
5x,Fri Apr 30 12:22:11 UTC 2021
PropReturns,Fri Apr 30 12:21:11 UTC 2021
KeepTruckin,Fri Apr 30 12:20:10 UTC 2021
Kavida.ai,Fri Apr 30 12:18:05 UTC 2021
Bijak,Wed Apr 28 12:34:32 UTC 2021
The Referral Room,Wed Apr 28 12:33:56 UTC 2021
Data Professor,Wed Apr 28 10:28:52 UTC 2021
Extelesi,Sun Apr 25 10:16:49 UTC 2021
Cuddle AI,Sun Apr 25 10:16:31 UTC 2021
Genus Power infrastructure ltd,Sun Apr 25 10:15:33 UTC 2021
OneAssist Consumer Solutions,Sun Apr 25 10:15:20 UTC 2021
ClearQuote,Sun Apr 25 10:15:08 UTC 2021
PayNearby,Sun Apr 25 10:14:38 UTC 2021
Workcell Solutions Pvt. Ltd.,Sun Apr 25 10:13:08 UTC 2021
Fountain9 (YC W21),Sun Apr 25 10:12:55 UTC 2021
Pinnacle Software and Services Pvt. Ltd. ,Sun Apr 25 10:12:37 UTC 2021
Guise.AI,Sun Apr 25 10:12:00 UTC 2021
Sandvine,Sun Apr 25 10:10:31 UTC 2021
Unravel,Sun Apr 25 10:10:12 UTC 2021
Kavisoftek,Sun Apr 25 10:08:37 UTC 2021
Roanuz,Sun Apr 25 10:07:49 UTC 2021
Data is Good,Mon Apr 05 18:16:58 UTC 2021
airtel X Labs,Fri Apr 02 18:40:47 UTC 2021
Calpion Inc.,Fri Apr 02 13:16:53 UTC 2021
Concentrix,Thu Mar 18 12:11:10 UTC 2021
Jobs in Dubai (Job Success),Tue Mar 16 12:52:13 UTC 2021
Career Kites | Your Career Guide,Tue Mar 16 08:01:22 UTC 2021
DeZyre,Mon Mar 15 18:00:58 UTC 2021
Checkpoint Systems,Mon Mar 15 18:00:51 UTC 2021
BUDDI AI,Mon Mar 15 18:00:30 UTC 2021
Motifworks,Mon Mar 15 18:00:10 UTC 2021
"Fluidata, Inc.",Mon Mar 15 17:57:24 UTC 2021
Infogain,Mon Mar 15 17:54:50 UTC 2021
Cooee®,Fri Mar 12 17:23:52 UTC 2021
Omnitracs,Fri Mar 12 17:22:46 UTC 2021
Streamroot (now Lumen),Fri Mar 12 17:22:33 UTC 2021
Huawei,Fri Mar 12 17:22:22 UTC 2021
The Data Analysis Bureau,Fri Mar 12 17:21:01 UTC 2021
Reply,Fri Mar 12 17:18:58 UTC 2021
Management Solutions,Fri Mar 12 17:18:40 UTC 2021
SeedWill Consulting,Thu Mar 11 18:23:56 UTC 2021
Epsilon India,Thu Mar 11 18:22:24 UTC 2021
towardsmachinelearning,Thu Mar 11 18:20:01 UTC 2021
Job Alert,Thu Mar 11 07:57:14 UTC 2021
Recruitment Consultancies,Wed Mar 10 14:25:32 UTC 2021
Techminds Group LLC,Wed Mar 10 14:24:18 UTC 2021
ProjectPro,Wed Mar 10 14:18:19 UTC 2021
Mediacred,Wed Mar 10 14:17:56 UTC 2021
Sylvera,Wed Mar 10 10:55:27 UTC 2021
Southfans,Sat Mar 06 01:33:08 UTC 2021
Digital Pilot,Wed Mar 03 17:56:10 UTC 2021
KPMG,Tue Mar 02 11:24:27 UTC 2021
M Square Media (MSM),Tue Mar 02 05:32:48 UTC 2021
Abhikshamta Education Foundation,Mon Mar 01 12:53:15 UTC 2021
PredictRAM,Mon Mar 01 12:52:31 UTC 2021
BRANDMIND ,Fri Feb 26 17:20:04 UTC 2021
Auquan,Thu Feb 25 17:49:43 UTC 2021
Aradhya Solutions Limited,Fri Feb 19 13:45:57 UTC 2021
AmyGB.ai,Fri Feb 19 13:45:43 UTC 2021
DeepIntent,Fri Feb 19 12:53:14 UTC 2021
Central Test,Mon Feb 15 17:47:12 UTC 2021
P&S,Fri Feb 05 08:13:36 UTC 2021
Surekha Technologies,Thu Feb 04 19:52:55 UTC 2021
Transparent Capital,Thu Feb 04 19:52:44 UTC 2021
CoinedOne,Thu Feb 04 19:50:54 UTC 2021
Adagrad AI,Thu Feb 04 19:49:38 UTC 2021
Truveta,Thu Feb 04 19:48:59 UTC 2021
ToggleNow Software Solutions Pvt Ltd,Thu Feb 04 19:48:23 UTC 2021
Perficient,Thu Feb 04 19:48:18 UTC 2021
Burtch Works,Thu Feb 04 19:48:11 UTC 2021
Mindtree,Thu Feb 04 19:47:44 UTC 2021
"The Luxury Closet, Inc.",Thu Feb 04 19:46:30 UTC 2021
Draup,Thu Feb 04 19:46:20 UTC 2021
Sravathi AI Technology Pvt Ltd,Thu Feb 04 19:46:12 UTC 2021
GoKwik,Thu Feb 04 19:45:33 UTC 2021
Dell Technologies,Mon Feb 01 22:45:16 UTC 2021
Trace+ Technologies,Thu Jan 28 05:34:22 UTC 2021
GlowRoad.com,Thu Jan 28 05:34:15 UTC 2021
Data Dynamics,Thu Jan 28 05:34:08 UTC 2021
Decision Point Analytics,Thu Jan 28 05:34:00 UTC 2021
Rewoke Technologies,Thu Jan 28 05:33:51 UTC 2021
"Espire Services, LLC",Thu Jan 28 05:33:30 UTC 2021
Cudo ,Thu Jan 28 05:33:21 UTC 2021
WhiteHat Jr,Wed Jan 27 14:55:47 UTC 2021
Bajaj Auto Ltd,Wed Jan 27 14:55:47 UTC 2021
Envolve Tech,Wed Jan 27 10:08:41 UTC 2021
ITC Infotech,Wed Jan 27 10:05:29 UTC 2021
Banyan Data Services,Wed Jan 27 10:02:21 UTC 2021
CoffeeBeans Consulting,Wed Jan 27 10:02:08 UTC 2021
XenonStack,Wed Jan 27 10:00:36 UTC 2021
Metric Tree Labs,Wed Jan 27 10:00:22 UTC 2021
Idexcel,Wed Jan 27 10:00:00 UTC 2021
Skipo India,Wed Jan 27 09:59:38 UTC 2021
Lawrence Harvey,Sun Jan 24 08:11:23 UTC 2021
InterQuest Group,Sun Jan 24 08:11:16 UTC 2021
Harnham,Sun Jan 24 08:10:55 UTC 2021
VOZIQ,Sun Jan 24 06:41:56 UTC 2021
Spotle.ai,Sat Jan 23 10:21:47 UTC 2021
Airbnb,Fri Jan 22 12:46:39 UTC 2021
World Wide Technology,Fri Jan 22 12:45:58 UTC 2021
GERI HDP S.r.l.,Fri Jan 22 12:44:48 UTC 2021
Deutsche Bank,Fri Jan 22 12:44:36 UTC 2021
Xcede,Fri Jan 22 07:11:35 UTC 2021
Initiative,Fri Jan 22 07:11:09 UTC 2021
BehaviourExchange,Fri Jan 22 07:10:50 UTC 2021
"o9 Solutions, Inc.",Fri Jan 22 07:10:24 UTC 2021
Mechanical Chef,Thu Jan 21 18:11:30 UTC 2021
Ansi ByteCode LLP,Thu Jan 21 18:11:11 UTC 2021
igebra.ai,Thu Jan 21 18:10:58 UTC 2021
CodeHall Technology Pvt. Ltd.,Thu Jan 21 18:10:37 UTC 2021
DigitalXNode,Thu Jan 21 14:51:20 UTC 2021
BizBuzzz,Thu Jan 21 14:51:14 UTC 2021
LARVOL,Thu Jan 21 14:50:29 UTC 2021
DoctusTech,Thu Jan 21 14:50:01 UTC 2021
"Synergy Computer Solutions, Inc.",Thu Jan 21 14:49:02 UTC 2021
Digital Aristotle,Thu Jan 21 14:34:45 UTC 2021
Bizmetric,Thu Jan 21 14:34:27 UTC 2021
YouGotaGift,Thu Jan 21 14:34:07 UTC 2021
Target Integration,Thu Jan 21 14:33:31 UTC 2021
CEREBULB,Thu Jan 21 14:33:22 UTC 2021
Eigenlytics Data Solutions,Thu Jan 21 14:32:09 UTC 2021
TEKIT Software Solutions LLC,Thu Jan 21 14:31:39 UTC 2021
Alokin Software,Thu Jan 21 14:31:32 UTC 2021
Bonami Software Pvt. Ltd.,Thu Jan 21 14:31:23 UTC 2021
Pilot-Guided Analytics @ Tridiagonal,Thu Jan 21 14:31:09 UTC 2021
Society of AI,Thu Jan 21 14:30:59 UTC 2021
ThinkQuic.Inc,Thu Jan 21 14:30:30 UTC 2021
Diquery Digital LLP,Thu Jan 21 14:30:16 UTC 2021
Mutual Mobile,Thu Jan 21 14:29:10 UTC 2021
GajShield Infotech (I) Pvt. Ltd.,Thu Jan 21 14:28:42 UTC 2021
FischerJordan,Thu Jan 21 14:28:35 UTC 2021
Innvonix Tech Solutions Private Limited,Thu Jan 21 14:28:14 UTC 2021
Altran,Thu Jan 21 14:27:39 UTC 2021
ODN Digital Services Pvt. Ltd.,Thu Jan 21 14:27:21 UTC 2021
Filed,Thu Jan 21 14:26:59 UTC 2021
iVizz,Thu Jan 21 12:23:46 UTC 2021
Shubu.ai,Thu Jan 21 12:23:25 UTC 2021
Railofy,Thu Jan 21 12:22:19 UTC 2021
BrowserStack,Thu Jan 21 01:42:22 UTC 2021
Justtag Group,Wed Jan 20 12:44:58 UTC 2021
Quix,Wed Jan 20 12:44:37 UTC 2021
BIGmama Technology,Wed Jan 20 12:44:23 UTC 2021
Institute of Microelectronics,Wed Jan 20 12:44:16 UTC 2021
Sevenstep,Wed Jan 20 12:44:03 UTC 2021
Thai Union Group PCL.,Wed Jan 20 12:43:55 UTC 2021
hoolah,Wed Jan 20 12:43:00 UTC 2021
Rebel Foods (Formerly Faasos),Wed Jan 20 12:42:37 UTC 2021
Shippeo,Wed Jan 20 12:42:24 UTC 2021
PixiuAI,Wed Jan 20 12:41:50 UTC 2021
TheDataTeam,Tue Jan 19 17:02:11 UTC 2021
Eshia Solutions,Tue Jan 19 17:01:59 UTC 2021
QUOTIENT FOUR TECHNOLOGIES PRIVATE LIMITED,Tue Jan 19 16:57:43 UTC 2021
Kaplan Test Prep,Tue Jan 19 16:56:28 UTC 2021
DataLeap,Tue Jan 19 16:55:47 UTC 2021
Web Synergies,Tue Jan 19 16:55:37 UTC 2021
The HRBPs,Tue Jan 19 16:55:30 UTC 2021
UnitX® Technologies,Tue Jan 19 16:55:11 UTC 2021
Tracebloc,Tue Jan 19 16:55:02 UTC 2021
Prima Info System Private Limited,Tue Jan 19 16:54:56 UTC 2021
Kaplan,Tue Jan 19 16:54:30 UTC 2021
Walmart Global Tech India,Tue Jan 19 16:54:01 UTC 2021
Trell,Tue Jan 19 16:53:48 UTC 2021
Colruyt IT Consultancy India Pvt. Ltd,Tue Jan 19 16:53:23 UTC 2021
IPsoft,Tue Jan 19 16:53:13 UTC 2021
Freshworks,Tue Jan 19 16:52:48 UTC 2021
Razorpay,Tue Jan 19 16:50:46 UTC 2021
PayPal,Sat Jan 16 12:39:00 UTC 2021
Mediaqart,Sat Jan 16 12:37:11 UTC 2021
Averda,Sat Jan 16 12:31:39 UTC 2021
DMI Finance Private Limited,Sat Jan 16 12:31:27 UTC 2021
LetsGrowMore,Sat Jan 16 09:03:45 UTC 2021
JOB ALERTS HUB,Fri Jan 15 12:49:11 UTC 2021
Job & Career Opportunities,Fri Jan 15 12:49:10 UTC 2021
CodeTrophs,Fri Jan 01 17:10:18 UTC 2021
TCS iON,Thu Dec 17 17:26:50 UTC 2020
WareIQ,Thu Dec 17 15:45:24 UTC 2020
Inevitable Infotech,Thu Dec 17 15:45:03 UTC 2020
Best Infosystems Ltd.,Thu Dec 17 15:36:28 UTC 2020
Vulkan do Brasil,Thu Dec 17 15:34:37 UTC 2020
Webscale Networks,Thu Dec 17 15:33:08 UTC 2020
Spectrus Informatics Pvt Ltd,Thu Dec 17 15:32:50 UTC 2020
Aloha Technology,Thu Dec 17 15:31:40 UTC 2020
mthree,Thu Dec 17 13:11:44 UTC 2020
Ascendeum,Thu Dec 17 13:09:46 UTC 2020
Invest India,Thu Dec 17 13:08:06 UTC 2020
Crewscale,Thu Dec 17 12:53:17 UTC 2020
Perennation Computer Solutions Global Private Limited ,Thu Dec 17 12:52:26 UTC 2020
Gmware,Thu Dec 17 12:51:06 UTC 2020
Bosch Engineering and Business Solutions,Thu Dec 17 11:53:29 UTC 2020
Anzy Careers,Thu Dec 17 11:49:56 UTC 2020
Confidential ,Thu Dec 17 11:49:43 UTC 2020
TechGarrage,Thu Dec 17 11:49:25 UTC 2020
Allied Media,Tue Dec 15 12:47:18 UTC 2020
FADMEN,Mon Dec 14 16:36:14 UTC 2020
Job Vision Consultants,Sat Dec 12 09:11:10 UTC 2020
Cybergenta,Thu Dec 10 19:25:50 UTC 2020
NexTech Learning Solution,Wed Dec 02 02:34:57 UTC 2020
ACG World,Tue Nov 24 15:09:15 UTC 2020
MiQ,Tue Nov 24 14:58:33 UTC 2020
Happyhat Solution,Tue Nov 24 14:58:21 UTC 2020
SRM Technologies,Tue Nov 24 14:58:13 UTC 2020
Etech Global Services,Tue Nov 24 14:57:45 UTC 2020
Enfusion,Tue Nov 24 14:57:37 UTC 2020
Harness,Tue Nov 24 14:57:01 UTC 2020
Mvg Innovations,Tue Nov 24 14:56:53 UTC 2020
VisAI Labs,Tue Nov 24 14:56:14 UTC 2020
VR AR MR ,Tue Nov 24 14:56:00 UTC 2020
zMed Healthcare Technologies Pvt. Ltd.,Tue Nov 24 14:55:22 UTC 2020
Stepswatch,Tue Nov 24 14:52:01 UTC 2020
Swiss Himmel,Tue Nov 24 14:50:14 UTC 2020
IDeepeners Private Ltd.,Tue Nov 24 14:49:50 UTC 2020
INNODATATICS * Innovation | Data | Analytics,Tue Nov 24 14:49:43 UTC 2020
Enable Data,Tue Nov 24 14:49:34 UTC 2020
Nactus India Services Private Limited,Tue Nov 24 14:49:13 UTC 2020
VISTI TECH,Tue Nov 24 14:48:32 UTC 2020
Mirafra Technologies,Tue Nov 24 14:48:09 UTC 2020
Freelancer,Tue Nov 24 14:47:49 UTC 2020
Halodoc ID,Tue Nov 24 14:47:41 UTC 2020
TurtleMonk,Tue Nov 24 14:47:33 UTC 2020
NostraGamus || Gambit Sports,Tue Nov 24 14:47:21 UTC 2020
"vLogix Tech. Pvt. Ltd.,",Tue Nov 24 14:47:13 UTC 2020
Chubb,Tue Nov 24 14:46:58 UTC 2020
Freezon Labs,Tue Nov 24 14:46:50 UTC 2020
Level AI,Tue Nov 24 14:45:20 UTC 2020
Kinetiq,Tue Nov 24 14:44:49 UTC 2020
Keen Eye,Tue Nov 24 14:43:24 UTC 2020
CasaOne,Tue Nov 24 14:43:05 UTC 2020
Accenture,Sun Nov 22 17:14:28 UTC 2020
ECGiT Private Limited,Sun Nov 22 17:14:15 UTC 2020
ALLPS ,Sun Nov 22 17:14:02 UTC 2020
acquiring.com,Sun Nov 22 17:01:19 UTC 2020
VMock,Sun Nov 22 17:00:43 UTC 2020
Samsung ISOCELL,Sun Nov 22 14:18:12 UTC 2020
IDfy,Sun Nov 22 10:43:34 UTC 2020
Netzwerk Academy ,Sun Nov 22 05:50:21 UTC 2020
TIFFYTASTE ,Sat Nov 21 06:27:29 UTC 2020
Jovian,Fri Nov 13 02:24:47 UTC 2020
BusinessOnBot,Wed Nov 11 17:31:24 UTC 2020
OpsMx,Wed Nov 11 17:29:24 UTC 2020
"Intelliswift Software, Inc.",Wed Nov 11 14:09:20 UTC 2020
Tyro.Fit,Wed Nov 11 13:59:30 UTC 2020
ZIGRAM,Wed Nov 11 13:59:10 UTC 2020
Deloitte,Wed Nov 11 04:28:37 UTC 2020
G2,Wed Nov 11 01:59:17 UTC 2020
Reputation,Tue Nov 10 10:30:25 UTC 2020
IBSE: Centre for Integrative Biology and Systems medicinE,Tue Nov 10 10:30:04 UTC 2020
StratApps,Tue Nov 10 10:29:45 UTC 2020
TRINITY,Tue Nov 10 10:29:10 UTC 2020
Adiyan Services Private Limited,Tue Nov 10 10:28:43 UTC 2020
Legato Health Technologies,Tue Nov 10 10:28:30 UTC 2020
Sub-K IMPACT Solutions Ltd,Tue Nov 10 10:28:11 UTC 2020
LodgIQ,Tue Nov 10 10:28:04 UTC 2020
AgEye Technologies ,Tue Nov 10 10:27:50 UTC 2020
Pratiti Technologies,Tue Nov 10 10:27:36 UTC 2020
NielsenIQ,Tue Nov 10 10:27:14 UTC 2020
Compile Inc.,Tue Nov 10 09:54:44 UTC 2020
InFoCusp Innovations Pvt. Ltd.,Tue Nov 10 09:54:23 UTC 2020
Miko,Tue Nov 10 09:54:00 UTC 2020
"Utopia Global, Inc.",Tue Nov 10 09:53:16 UTC 2020
Expertrons,Tue Nov 10 09:44:23 UTC 2020
Stone Depot - Australia,Tue Nov 10 08:27:27 UTC 2020
Coding Potter,Sun Nov 08 15:50:43 UTC 2020
pixXmo,Sun Nov 08 12:32:50 UTC 2020
Earn Spot,Sun Nov 08 07:59:04 UTC 2020
MLTUT,Fri Nov 06 12:24:36 UTC 2020
Green Canvas Bags,Sat Oct 31 17:03:19 UTC 2020
CorStone,Fri Oct 30 08:50:49 UTC 2020
Sovereign Wallet Network,Fri Oct 30 08:49:25 UTC 2020
Aiaioo Labs,Fri Oct 30 08:49:04 UTC 2020
Objectways,Fri Oct 30 08:48:46 UTC 2020
WSP,Fri Oct 30 08:47:42 UTC 2020
LEAP India,Fri Oct 30 08:46:56 UTC 2020
SKS Enterpprises - Human Resource Planning and Management,Fri Oct 30 08:46:38 UTC 2020
Condé Nast India,Fri Oct 30 08:44:41 UTC 2020
InsideAIML,Thu Oct 29 13:29:13 UTC 2020
We Are Plymouth’s Foundation,Wed Oct 28 11:18:53 UTC 2020
Cinta Medtech,Thu Oct 22 03:13:13 UTC 2020
Quixy,Thu Oct 22 03:12:52 UTC 2020
nurture.farm,Thu Oct 22 03:12:38 UTC 2020
Super Simple Software,Thu Oct 22 03:10:48 UTC 2020
WorkiFicient,Wed Oct 21 12:24:16 UTC 2020
17LIVE Inc.,Wed Oct 21 12:24:07 UTC 2020
Chariot,Wed Oct 21 12:23:52 UTC 2020
Gyrus AI,Wed Oct 21 12:23:25 UTC 2020
Cimpress India,Wed Oct 21 03:16:42 UTC 2020
Surge Street,Wed Oct 21 03:16:09 UTC 2020
ConvaTec India,Wed Oct 21 03:15:49 UTC 2020
Khel Group ,Wed Oct 21 03:07:34 UTC 2020
The Market Hut,Wed Oct 21 03:07:23 UTC 2020
Meru Data,Wed Oct 21 03:06:58 UTC 2020
SpireTec Solutions,Wed Oct 21 03:06:46 UTC 2020
Team Pumpkin,Wed Oct 21 03:06:39 UTC 2020
ConnectingDots Infotech,Wed Oct 21 03:06:22 UTC 2020
"Ferns N Petals Pvt. Ltd - flowers, anywhere, anytime...",Wed Oct 21 03:05:21 UTC 2020
Radley James,Wed Oct 21 03:04:46 UTC 2020
GenY Medium,Wed Oct 21 03:04:13 UTC 2020
Analytics Saves at Work,Wed Oct 21 03:03:58 UTC 2020
Medfin,Wed Oct 21 02:14:32 UTC 2020
Glib,Tue Oct 20 18:23:05 UTC 2020
Freelance Recruiter Ltd,Tue Oct 20 18:22:01 UTC 2020
Prudour Pvt. Ltd.,Tue Oct 20 18:21:44 UTC 2020
Baate.io,Sun Oct 18 02:48:32 UTC 2020
Pulp Strategy,Sat Oct 17 17:58:32 UTC 2020
PrepOnline.in,Sat Oct 17 17:58:00 UTC 2020
Blockseed,Sat Oct 17 17:57:46 UTC 2020
SaaS Mantra,Sat Oct 17 17:57:34 UTC 2020
Digital Markitors,Sat Oct 17 17:56:43 UTC 2020
Jigsaw Academy,Sat Oct 17 17:56:36 UTC 2020
The Tribal Box,Sat Oct 17 17:55:57 UTC 2020
Findbusy,Sat Oct 17 17:55:31 UTC 2020
Real Estate Consulting,Sat Oct 17 17:51:38 UTC 2020
SourceSafari.com,Sat Oct 17 17:51:07 UTC 2020
InternIn™,Sat Oct 17 02:49:27 UTC 2020
BYJU'S,Sat Oct 17 02:49:27 UTC 2020
CashKaro.com,Fri Oct 16 15:32:48 UTC 2020
Sharedpro,Fri Oct 16 15:32:40 UTC 2020
Infurnia,Fri Oct 16 15:32:39 UTC 2020
pumpumpum,Fri Oct 16 15:32:38 UTC 2020
Airmeet,Fri Oct 16 15:32:37 UTC 2020
Qontento,Thu Oct 15 18:23:15 UTC 2020
Manupatra,Thu Oct 15 18:22:58 UTC 2020
CloudCover,Thu Oct 15 18:18:41 UTC 2020
AlefEdge,Thu Oct 15 18:18:28 UTC 2020
Antriksh ,Thu Oct 15 18:17:38 UTC 2020
Birdvision Consulting ,Thu Oct 15 17:28:02 UTC 2020
APPKARO.COM,Thu Oct 15 17:27:40 UTC 2020
Mascot & Hedge Pvt. Ltd.,Thu Oct 15 17:27:26 UTC 2020
The Rasich Group (TRG),Thu Oct 15 17:26:54 UTC 2020
"Optimal Strategix Group, Inc.",Thu Oct 15 17:26:46 UTC 2020
AB InBev India,Thu Oct 15 17:26:14 UTC 2020
grofers,Thu Oct 15 17:26:00 UTC 2020
SkyPoint Cloud,Thu Oct 15 17:25:47 UTC 2020
Phablecare,Thu Oct 15 17:25:04 UTC 2020
InViz AI,Thu Oct 15 01:46:49 UTC 2020
SirionLabs,Thu Oct 15 01:44:28 UTC 2020
Antal International,Thu Oct 15 01:43:23 UTC 2020
KoiReader - Unlock Smart Operations,Wed Oct 14 19:15:36 UTC 2020
HVN,Wed Oct 14 19:15:22 UTC 2020
atisfy,Wed Oct 14 19:15:09 UTC 2020
HiLabs Inc.,Wed Oct 14 19:14:51 UTC 2020
Sprinklr,Wed Oct 14 19:14:48 UTC 2020
Kotai Electronics,Wed Oct 14 19:13:54 UTC 2020
Nova One,Wed Oct 14 19:13:46 UTC 2020
National Commodities Management Services Limited,Wed Oct 14 19:13:03 UTC 2020
Maxbyte Technologies,Wed Oct 14 19:12:50 UTC 2020
BuzzBoard,Wed Oct 14 19:12:46 UTC 2020
Modista Box,Wed Oct 14 19:11:23 UTC 2020
Searchlight Health,Wed Oct 14 19:11:14 UTC 2020
Robosoft Technologies,Wed Oct 14 19:11:07 UTC 2020
Vaatu,Wed Oct 14 18:05:19 UTC 2020
True Influence,Wed Oct 14 15:55:14 UTC 2020
SenseHawk,Wed Oct 14 15:54:06 UTC 2020
Affinidi,Wed Oct 14 15:53:50 UTC 2020
udaan.com,Wed Oct 14 15:49:13 UTC 2020
Pactera EDGE,Wed Oct 14 15:48:53 UTC 2020
Marcura,Wed Oct 14 15:48:25 UTC 2020
Templeton and Partners,Wed Oct 14 15:47:31 UTC 2020
Dozee,Wed Oct 14 15:46:36 UTC 2020
Unilink Global Consulting,Wed Oct 14 15:44:18 UTC 2020
DS Interview Daily,Mon Oct 12 05:06:05 UTC 2020
Talentela - Design and Content Marketing,Tue Oct 06 13:01:14 UTC 2020
Syndicate Capital,Tue Oct 06 10:56:19 UTC 2020
Theatro,Tue Oct 06 10:55:34 UTC 2020
MIT Square™,Tue Oct 06 10:54:07 UTC 2020
FlixStock,Tue Oct 06 10:52:23 UTC 2020
Twilio,Tue Oct 06 10:51:57 UTC 2020
COGNECTO,Tue Oct 06 03:28:16 UTC 2020
Fynd (Shopsense Retail Technologies Pvt. Ltd.),Tue Oct 06 03:28:01 UTC 2020
SAMkalpa Systems Pvt Ltd,Tue Oct 06 03:20:28 UTC 2020
GlobalLogic,Mon Oct 05 03:34:40 UTC 2020
Sophos,Mon Oct 05 01:07:47 UTC 2020
BillionAbles,Sat Oct 03 13:34:47 UTC 2020
Pianalytix,Fri Oct 02 16:29:08 UTC 2020
Unacademy,Thu Oct 01 16:28:32 UTC 2020
TED Conferences,Wed Sep 30 05:38:17 UTC 2020
L&T Technology Services Limited,Wed Sep 30 05:38:14 UTC 2020
Tangled AI Inc.,Tue Sep 29 00:47:37 UTC 2020
Verloop.io,Tue Sep 29 00:46:08 UTC 2020
dDriven,Tue Sep 29 00:44:13 UTC 2020
Infrrd,Tue Sep 29 00:43:52 UTC 2020
GreyAtom,Tue Sep 29 00:43:04 UTC 2020
Upsolvers Labs,Sat Sep 26 14:23:34 UTC 2020
Techtangent.in,Wed Sep 23 11:28:34 UTC 2020
hackinUTU,Mon Sep 21 17:07:33 UTC 2020
ShareChat,Mon Sep 21 03:31:23 UTC 2020
Lowe's India,Mon Sep 21 03:30:57 UTC 2020
DeepSphere.AI,Mon Sep 21 03:30:26 UTC 2020
apparelgenius,Mon Sep 21 03:29:58 UTC 2020
Intertrust Group,Mon Sep 21 03:29:35 UTC 2020
Express Analytics,Mon Sep 21 03:27:13 UTC 2020
TensorIoT Inc.,Mon Sep 21 03:26:21 UTC 2020
Career Moves Group,Mon Sep 21 03:25:32 UTC 2020
CMSPI,Mon Sep 21 03:25:18 UTC 2020
Mongoose Gray,Mon Sep 21 03:25:01 UTC 2020
Data Visualization Society,Sat Sep 12 04:13:38 UTC 2020
KDnuggets,Sat Sep 12 04:13:37 UTC 2020
Learn.MachineLearning,Sat Sep 12 04:13:37 UTC 2020
Envol Strategies,Thu Sep 10 16:41:05 UTC 2020
Emojent,Thu Sep 10 16:40:08 UTC 2020
Kuehne+Nagel,Thu Sep 10 16:39:40 UTC 2020
Sony Research India,Thu Sep 10 16:39:32 UTC 2020
"Wiser Solutions, Inc.",Thu Sep 10 16:39:25 UTC 2020
Dr. Odin,Fri Sep 04 12:31:57 UTC 2020
SViNKi Tech,Fri Sep 04 06:26:42 UTC 2020
Data-Driven Science,Tue Sep 01 15:27:03 UTC 2020
iNeuron.ai,Tue Sep 01 15:27:03 UTC 2020
LearnDataScience,Tue Sep 01 15:27:02 UTC 2020
Nuclei Technologies,Fri Aug 28 08:48:24 UTC 2020
HP,Tue Aug 25 01:45:45 UTC 2020
Atlassian,Fri Aug 21 18:08:51 UTC 2020
TCS iON LifeLong Learning,Fri Aug 21 18:08:49 UTC 2020
DevOps Agile Skills Association (DASA),Thu Aug 20 14:03:54 UTC 2020
Ace Your Career,Thu Aug 20 14:03:54 UTC 2020
Qxf2 Services,Thu Aug 20 12:26:30 UTC 2020
Forem,Sun Aug 16 10:58:55 UTC 2020
HakinCodes Network,Mon Aug 10 17:06:11 UTC 2020
CourseBricks,Fri Aug 07 10:03:06 UTC 2020
HackJaipur,Wed Aug 05 18:15:58 UTC 2020
Micro Embed Solutions,Wed Aug 05 17:40:00 UTC 2020
Tejas Networks,Wed Aug 05 17:37:55 UTC 2020
CoutLoot,Wed Aug 05 17:36:29 UTC 2020
JioSaavn,Wed Aug 05 17:36:17 UTC 2020
"Infobelt, Inc",Wed Aug 05 17:34:46 UTC 2020
Moxie,Wed Aug 05 17:34:39 UTC 2020
Quaero,Wed Aug 05 17:33:47 UTC 2020
"SpringML, Inc.",Wed Aug 05 17:33:25 UTC 2020
Cambridge Mobile Telematics,Wed Aug 05 17:32:52 UTC 2020
Zycus,Wed Aug 05 17:32:15 UTC 2020
Hotstar,Tue Aug 04 17:36:59 UTC 2020
DigiCollect,Tue Aug 04 17:36:35 UTC 2020
Pepper Content,Tue Aug 04 17:35:45 UTC 2020
ZeroCodeHR,Tue Aug 04 17:34:48 UTC 2020
AstraZeneca,Tue Aug 04 17:34:25 UTC 2020
TouchNote,Tue Aug 04 17:33:38 UTC 2020
Tarams,Tue Aug 04 17:32:20 UTC 2020
Noon - The Social Learning Platform,Mon Aug 03 18:31:02 UTC 2020
StratLytics Consulting,Mon Aug 03 18:30:29 UTC 2020
Freadom (Stones2Milestones),Mon Aug 03 18:29:59 UTC 2020
Cerekon,Mon Aug 03 18:28:41 UTC 2020
dunnhumby,Mon Aug 03 18:28:19 UTC 2020
Edelman,Mon Aug 03 18:27:50 UTC 2020
ITNOVEM.,Mon Aug 03 18:27:41 UTC 2020
Lombard Odier Investment Managers,Mon Aug 03 18:27:12 UTC 2020
Jobs Quest,Sun Aug 02 04:09:38 UTC 2020
The Job Man,Sun Aug 02 04:08:54 UTC 2020
"Indian Institute of Technology, Guwahati",Sat Aug 01 19:13:20 UTC 2020
"Indian Institute of Technology, Kharagpur",Sat Aug 01 19:13:19 UTC 2020
"Indian Institute of Science Education and Research (IISER), Pune",Sat Aug 01 19:13:19 UTC 2020
INSAID,Sat Aug 01 19:03:52 UTC 2020
Wildlife Studios,Sat Aug 01 19:03:31 UTC 2020
"KGS Technology Group, Inc",Sat Aug 01 19:03:06 UTC 2020
Cloudflare,Sat Aug 01 19:02:43 UTC 2020
PandaDoc,Sat Aug 01 19:01:25 UTC 2020
Pieces,Sat Aug 01 15:54:30 UTC 2020
Evernote,Sat Aug 01 15:52:46 UTC 2020
Techlinker Asia,Sat Aug 01 15:52:21 UTC 2020
Olive,Sat Aug 01 15:52:01 UTC 2020
"FocusKPI, Inc.",Sat Aug 01 15:51:42 UTC 2020
Strike Social,Sat Aug 01 15:50:48 UTC 2020
Netquest,Sat Aug 01 15:50:33 UTC 2020
The HEINEKEN Company,Sat Aug 01 15:49:46 UTC 2020
Merkle Sokrati,Sat Aug 01 15:47:35 UTC 2020
Zenoti,Sat Aug 01 15:45:10 UTC 2020
Mobiru India,Sat Aug 01 15:42:38 UTC 2020
Thoughts2Binary Consulting & Solutions,Thu Jul 30 19:06:55 UTC 2020
Orinko,Thu Jul 30 19:04:55 UTC 2020
Univ.AI,Thu Jul 30 19:04:43 UTC 2020
Vamstar,Thu Jul 30 19:03:53 UTC 2020
AuthBridge,Thu Jul 30 19:02:50 UTC 2020
KMK Consulting Inc.,Thu Jul 30 19:01:20 UTC 2020
Myntra,Wed Jul 29 17:38:12 UTC 2020
Mintdropz,Wed Jul 29 17:37:10 UTC 2020
Tech9,Wed Jul 29 17:17:22 UTC 2020
Milaap,Wed Jul 29 17:05:06 UTC 2020
QpiAI ,Wed Jul 29 17:04:16 UTC 2020
Red Education,Wed Jul 29 17:03:21 UTC 2020
OctiFi,Wed Jul 29 17:00:54 UTC 2020
Clean Energy Associates (CEA),Wed Jul 29 17:00:11 UTC 2020
PubMatic,Mon Jul 27 18:14:20 UTC 2020
Evertz,Mon Jul 27 18:10:12 UTC 2020
TechRyde,Mon Jul 27 18:08:55 UTC 2020
Apptio,Mon Jul 27 18:07:06 UTC 2020
Code Warriors,Mon Jul 27 11:42:35 UTC 2020
AKS ProTalent,Sun Jul 26 19:00:13 UTC 2020
Workoopolis,Sun Jul 26 18:58:09 UTC 2020
DKSHA,Fri Jul 24 08:41:45 UTC 2020
InternBIT India: Dream Jobs & Internships,Tue Jul 21 18:09:47 UTC 2020
顺为资本 Shunwei Capital,Tue Jul 21 17:56:29 UTC 2020
People Tech Group Inc,Tue Jul 21 17:55:07 UTC 2020
Accord Innovations Private Limited,Mon Jul 20 19:06:27 UTC 2020
Embibe,Mon Jul 20 19:05:41 UTC 2020
Mobility Foresights ,Mon Jul 20 19:03:41 UTC 2020
Open Source,Mon Jul 20 18:44:43 UTC 2020
Techvik Blog,Mon Jul 20 11:48:19 UTC 2020
Truworth Infotech Pvt. Ltd.,Sun Jul 19 18:57:33 UTC 2020
Nabler,Sun Jul 19 18:55:09 UTC 2020
Newzera,Sun Jul 19 18:50:52 UTC 2020
Workoopolis,Sun Jul 19 18:49:46 UTC 2020
KITS Pvt Ltd.,Sun Jul 19 18:42:41 UTC 2020
NyKinSky & Company,Sun Jul 19 18:42:01 UTC 2020
NimbusPost,Sun Jul 19 18:41:42 UTC 2020
storytelling with data,Sun Jul 19 17:42:09 UTC 2020
The Uplift Project,Sun Jul 19 17:42:06 UTC 2020
Scholarship Track,Sun Jul 19 17:42:04 UTC 2020
StudentCode-in,Sun Jul 19 17:42:02 UTC 2020
Hackmakers,Sun Jul 19 17:41:46 UTC 2020
Postman,Sat Jul 18 15:20:41 UTC 2020
Avishkar Tech Solutions,Thu Jul 16 06:07:24 UTC 2020
DevOps Institute,Wed Jul 15 16:54:25 UTC 2020
DevOps.com,Wed Jul 15 16:54:24 UTC 2020
Jenkins project,Wed Jul 15 16:54:23 UTC 2020
DevOpsChat,Tue Jul 14 18:19:12 UTC 2020
DataCamp,Mon Jul 13 17:15:14 UTC 2020
Dreem,Sun Jul 12 14:39:21 UTC 2020
Oneytrust,Sun Jul 12 14:37:17 UTC 2020
FastForward.ai,Sun Jul 12 14:36:53 UTC 2020
ADVANCE.AI,Sun Jul 12 05:16:51 UTC 2020
The Sparks Foundation,Tue Jun 30 15:25:47 UTC 2020
Kimia Group ,Thu Jun 25 19:38:29 UTC 2020
"Sonde Health, Inc.",Thu Jun 25 19:38:03 UTC 2020
TheSoul Publishing,Thu Jun 25 19:29:58 UTC 2020
COSO IT - A Big Data & AI Company,Thu Jun 25 19:29:39 UTC 2020
Collegedunia,Thu Jun 25 19:29:06 UTC 2020
Mindbowser Inc,Wed Jun 24 19:13:16 UTC 2020
Delhivery,Wed Jun 24 19:12:25 UTC 2020
BSBI Consulting Solutions,Wed Jun 24 19:11:35 UTC 2020
Waves,Wed Jun 24 19:10:13 UTC 2020
The Last Ally,Wed Jun 24 19:06:27 UTC 2020
Softwares Support,Wed Jun 24 19:05:06 UTC 2020
Toppr,Wed Jun 24 19:03:04 UTC 2020
NASSCOM,Fri Jun 19 13:35:44 UTC 2020
TechGig,Tue Jun 16 18:07:29 UTC 2020
Amazon Science,Tue Jun 16 02:02:24 UTC 2020
MAGIK Lighting,Mon Jun 15 02:57:30 UTC 2020
"Planning, Implementation, and Evaluation (PIE) Org",Mon Jun 15 02:52:43 UTC 2020
Katchin Tech,Mon Jun 15 02:52:42 UTC 2020
GoLang Dev ,Mon Jun 15 02:52:41 UTC 2020
Sololearn,Sat Jun 13 13:24:22 UTC 2020
GirlScript Summer of Code,Sat Jun 13 13:24:22 UTC 2020
Lybrate,Sat Jun 13 13:24:20 UTC 2020
Airtel Payments Bank,Thu Jun 11 18:37:51 UTC 2020