Question,Answer
How many years of work experience do you have using Spring Boot?,0
How many years of work experience do you have using Healthcare Information Technology (HIT)?,0
How many years of HCPR experience do you currently have?,0
What is your level of proficiency in hin?,Native or bilingual
How many years of work experience do you have using Google Cloud Platform (GCP)?,1
How many years of work experience do you have using Deep Neural Networks (DNN)?,1
How many years of work experience do you have using .NET Framework?,0
Are you legally authorized to work in the United States?,No
How many years of work experience do you have using Selenium?,1
How many years of work experience do you have using HTML?,3
Cover letter,
How many years of work experience do you have using QlikView?,0
We must fill this position urgently. Can you start immediately?,Yes
How many years of work experience do you have using Microsoft PowerPoint?,5
How many years of work experience do you have using Unix?,0
How many years of work experience do you have using Big Data?,1
How many years of work experience do you have using Data Visualization?,1
How many years of work experience do you have using MySQL?,1
How many years of work experience do you have using Computational Linguistics?,1
"How many years of work experience do you have using Extract, Transform, Load (ETL)?",1
How many years of IT experience do you currently have?,1
How many years of work experience do you have using Test Driven Development?,1
How many years of work experience do you have using Qlik Sense?,1
How many years of work experience do you have using HBase?,0
How many years of work experience do you have using Vue.js?,0
Description,
How many years of work experience do you have using Quantitative Analytics?,2
How many years of work experience do you have using SQL?,2
How many years of work experience do you have using Google BigQuery?,0
How many years of urn:li:industry:69 experience do you currently have?,0
How many years of RSCH experience do you currently have?,1
How many years of work experience do you have using Celonis?,0
How many years of work experience do you have using Deep Learning?,1
How many years of PRJM experience do you currently have?,1
How many years of work experience do you have using Core ML?,1
Do you have the following license or certification: Perform Cloud Data Science with Azure Machine Learning?,No
How many years of work experience do you have using C#?,0
State / Province,
How many years of work experience do you have using Pandas (Software)?,2
What is your level of proficiency in pol?,None
How many years of work experience do you have using MongoDB?,1
How many years of work experience do you have using Routers?,2
How many years of work experience do you have using Apache NiFi?,0
How many years of work experience do you have using TensorFlow?,2
How many years of work experience do you have using Computer Vision?,2
How many years of work experience do you have using Data Analysis?,1
State,
How many years of work experience do you have using Android SDK?,0
How many years of work experience do you have using PHP?,0
City,
How many years of work experience do you have using Linux?,1
Do you have a valid driver's license?,Yes
How many years of work experience do you have using Technical Data Analysis?,2
How many years of work experience do you have using Instagram?,1
Have you completed the following level of education: Master of Business Administration?,No
Company,
Are you legally authorized to work in gb?,No
How many years of work experience do you have using SASS?,0
ZIP / Postal Code,
How many years of work experience do you have using PySpark?,1
Last name,
Country,
Are you legally authorized to work in in?,Yes
Degree,
How many years of SUPL experience do you currently have?,0
How many years of work experience do you have using Artificial Intelligence (AI)?,2
How many years of work experience do you have using REST APIs?,1
How many years of work experience do you have using Citrix?,0
How many years of work experience do you have using Relational Databases?,1
How many years of work experience do you have using Azure Databricks?,0
How many years of work experience do you have using Caffe?,1
Do you have the following license or certification: VMware Certified Professional 6 - Cloud Management and Automation?,No
How many years of work experience do you have using Rust (Programming Language)?,0
How many years of work experience do you have using Google Analytics?,1
How many years of ENG experience do you currently have?,1
Have you completed the following level of education: Master's Degree?,No
How many years of work experience do you have using Data Mining?,1
Your title,
Please submit a resume or LinkedIn profile,3922663.pdf
How many years of work experience do you have using SAS?,0
How many years of work experience do you have using Elastic Stack (ELK)?,0
How many years of work experience do you have using Dataiku DSS?,0
"Are you willing to undergo a background check, in accordance with local law/regulations?",Yes
Street address line 2,
How many years of work experience do you have using Feature Selection?,1
What is your level of proficiency in ita?,None
Are you legally authorized to work in sg?,No
How many years of work experience do you have using Business?,0
How many years of ANLS experience do you currently have?,1
Have you completed the following level of education: Bachelor's Degree?,Yes
How many years of work experience do you have using Google Kubernetes Engine (GKE)?,0
How many years of work experience do you have using Microsoft SQL Server?,1
How many years of urn:li:industry:4 experience do you currently have?,1
